id;titulo;fecha_estreno;descricion;en_cines
1;mobile Fish;2021-10-10T17:27:18;Savings Account DamX;false
2;Trace;2021-10-11T04:09:30;Metal depositXXXXXXX;false
3;transmitter Implementation Electronics;2021-10-10T12:21:16;Money Market Account;true
4;Grocery Home;2021-10-10T23:34:22;enable Gorgeous Frozen Pants;false
5;Licensed Savings Account;2021-10-11T02:59:18;Planner CanyonXXXXXX;true
6;Yuan Renminbi Centers;2021-10-11T11:50:56;Usability South Dakota envisioneer;false
7;Public-key;2021-10-11T06:22:58;Bahamian Dollar Investment Account;true
8;Salad;2021-10-11T02:46:55;TunaXXXXXXXXXXXXXXXX;true
9;convergence;2021-10-11T07:10:36;Georgia IndustrialXX;true
10;Views e-enable Communications;2021-10-10T18:42:47;archive Georgia Aruba;true
